Category,FY,Funding IC,Project Number,Sub Project #,Project Title,PI Name,Org Name,State / Country,Amount
Cervical Cancer,2013,NCI,1U43CA165048-01A1,,Aluminum Oxide Nanoparticles Conjugated to Antigens Potently Induce Tumor Specifi,"HILTON, TRACI","UBIVAC, LLC",OR,"$271,683"
Cervical Cancer,2013,NIDCD,5R01DC008579-05,,Human Papillomavirus Infection and Expression of COX-2,"STEINBERG, BETTIE",FEINSTEIN INSTITUTE FOR MEDICAL RESEARCH,NY,"$320,761"
Cervical Cancer,2013,NCI,5R01CA132136-05,,Entry of Oncogenic HPVs into Human Keratinocytes,"OZBUN, MICHELLE",UNIVERSITY OF NEW MEXICO,NM,"$283,799"
Cervical Cancer,2013,NCI,4U10CA011488-43,,EORTC HEADQUARTERS,"LACOMBE, DENIS",EUROPEAN ORG/RES/TREATMENT/CANCER,BELGIU,"$250,025"
Cervical Cancer,2013,NCI,5R01CA158027-02,,PRE-VIEW An Interactive Video Doctor to Encourage Cancer Screening,"WALSH, JUDITH",UNIVERSITY OF CALIFORNIA SAN FRANCISCO,CA,"$393,276"
Cervical Cancer,2013,NCI,5R01CA142723-04,,Mechanism of Brd4-mediated papillomavirus host interactions,"YOU, JIANXIN",UNIVERSITY OF PENNSYLVANIA,PA,"$302,718"
Cervical Cancer,2013,NCI,5R01CA081135-15,,MODULATION OF HOST CELL APOPTOTIC RESPONSES BY HPVE7,"MUNGER, KARL",BRIGHAM AND WOMEN'S HOSPITAL,MA,"$275,466"
Cervical Cancer,2013,NCI,1R21CA163160-01A1,,Disparities in HPV vaccine completion: Identifying and quantifying the barriers,"NICCOLAI, LINDA",YALE UNIVERSITY,CT,"$189,714"
Cervical Cancer,2013,NICHD,5K23HD068394-02,,Social Network Influences on Values Related to Parental HPV Vaccine Refusal,"FU, LINDA",CHILDREN'S RESEARCH INSTITUTE,DC,"$124,906"
Cervical Cancer,2013,NIAID,5R01AI038382-20,,HPV Capsid Antibodies,"GALLOWAY, DENISE",FRED HUTCHINSON CAN RES CTR,WA,"$370,608"
Cervical Cancer,2013,NIAID,1R03AI103438-01,,Genetic Epidemiology of HPV Infection Outcome in Men,"SHRESTHA, SADEEP",UNIVERSITY OF ALABAMA AT BIRMINGHAM,AL,"$89,783"
Cervical Cancer,2013,NCI,1R21CA173190-01,,The squamocolumnar junction and cervical cancer,"CRUM, CHRISTOPHER",BRIGHAM AND WOMEN'S HOSPITAL,MA,"$258,997"
Cervical Cancer,2013,NCI,1R15CA173703-01,,Interaction of HPV with cells of the transformation zone,"WOODWORTH, CRAIG",CLARKSON UNIVERSITY,NY,"$435,728"
Cervical Cancer,2013,NCI,5R01CA127971-06,,Nutrition and Anabolic Interventions in Cancer Cachexia,"SHEFFIELD-MOORE, MELINDA",UNIVERSITY OF TEXAS MEDICAL BR GALVESTON,TX,"$252,099"
Cervical Cancer,2013,NCI,5R01CA107394-10,,Functions of Papillomavirus E6,"ANDROPHY, ELLIOT",INDIANA UNIV-PURDUE UNIV AT INDIANAPOLIS,IN,"$281,939"
Cervical Cancer,2013,NCI,5R01CA155326-03,,Barriers to Cervical Cancer Prevention in Hispanic Women: A Multilevel Approach,"MURPHY, SHEILA",UNIVERSITY OF SOUTHERN CALIFORNIA,CA,"$597,999"
Cervical Cancer,2013,NIMHD,5P20MD004817-04,7110,Community Core,"DENNIS, BETTY",DILLARD UNIVERSITY,LA,"$20,149"
Cervical Cancer,2013,NIMHD,5P20MD004817-04,7112,Project 2,"DENNIS, BETTY",DILLARD UNIVERSITY,LA,"$121,916"
Cervical Cancer,2013,NIMHD,5R44MD005198-04,,HPV Vaccine Education Intervention for Medically Underserved High-risk Population,"VALDEZ, ARMANDO",VALDEZ AND ASSOCIATES,CA,"$500,000"
Cervical Cancer,2013,NIAID,5R21AI095590-02,,"Optimizing HPV Vaccination: Parents, Providers and Pre-teen Boys","CATES, JOAN",UNIV OF NORTH CAROLINA CHAPEL HILL,NC,"$111,000"
Cervical Cancer,2013,NCI,5R01CA163830-02,,Adapting patient navigation to promote cancer screening in Chicagos Chinatown,"SIMON, MELISSA",NORTHWESTERN UNIVERSITY AT CHICAGO,IL,$1
Cervical Cancer,2013,NCI,1R21CA167800-01A1,,MR Image Guided Gynecologic Brachytherapy,"VISWANATHAN, AKILA",DANA-FARBER CANCER INST,MA,"$200,000"
Cervical Cancer,2013,NCI,5R01CA142691-04,,Mechanisms of mucosal immune evasion in high grade cervical dysplasia,"TRIMBLE, CORNELIA",JOHNS HOPKINS UNIVERSITY,MD,"$250,684"
Cervical Cancer,2013,NCI,5R01CA066980-18,,Biological Activity of HPV E7 in Human Epithelial Cells,"MUNGER, KARL",BRIGHAM AND WOMEN'S HOSPITAL,MA,"$357,644"
Cervical Cancer,2013,NCI,1R21CA167087-01A1,,Activating Rural Clinics and Women with Disabilities to Improve Cancer Screening,"BUCKLEY, DAVID",OREGON HEALTH & SCIENCE UNIVERSITY,OR,"$200,970"
Cervical Cancer,2013,NCI,5R01CA059655-20,,Regulation of Human Papillomavirus Gene Expression,"LAIMINS, LAIMONIS",NORTHWESTERN UNIVERSITY AT CHICAGO,IL,"$284,391"
Cervical Cancer,2013,NCI,5R01CA134737-04,,Papillomavirus E6 Structural Consortium,"VANDE POL, SCOTT",UNIVERSITY OF VIRGINIA,VA,"$374,788"
Cervical Cancer,2013,FIC,5R03EB013973-03,,Multimodal optical imaging for cervical cancer screening in developing countries,"RICHARDS-KORTUM, REBECCA",RICE UNIVERSITY,TX,"$4,500"
Cervical Cancer,2013,NIBIB,5R03EB013973-03,,Multimodal optical imaging for cervical cancer screening in developing countries,"RICHARDS-KORTUM, REBECCA",RICE UNIVERSITY,TX,"$49,477"
Cervical Cancer,2013,NCI,5P01CA050661-25,8169,Papillomavirus E2 Growth Suppression Mechanisms,"HOWLEY, PETER",HARVARD UNIVERSITY (MEDICAL SCHOOL),MA,"$525,651"
Cervical Cancer,2013,NIAID,5R01AI091968-03,,Virus-Host Interactions that Modulate Early Steps of Human Papillomavirus Infecti,"PYEON, DOHUN",UNIVERSITY OF COLORADO DENVER,CO,"$283,716"
Cervical Cancer,2013,NIEHS,5P30ES010126-13,7111,Community Ourtreach and Education Core,"SWENBERG, JAMES",UNIV OF NORTH CAROLINA CHAPEL HILL,NC,"$146,994"
Cervical Cancer,2013,NCI,5R01CA047622-20,,Papillomavirus Host Interation,"CHRISTENSEN, NEIL",PENNSYLVANIA STATE UNIVERSITY,PA,"$293,863"
Cervical Cancer,2013,NIAID,5R01AI095632-02,,Evaluation and development of E1-TopoI as a target for anti-HPV therapeutics,"MELENDY, THOMAS",STATE UNIVERSITY OF NEW YORK AT BUFFALO,NY,"$381,467"
Cervical Cancer,2013,NCI,5R01CA136847-05,,Diindolylmethane enhances the efficacy of preventive vaccines in an HPV transgeni,"SEPKOVIC, DANIEL",HACKENSACK UNIVERSITY MEDICAL CENTER,NJ,"$329,774"
Cervical Cancer,2013,NIAID,5R01AI083803-04,,Biophysics of Drug Interactions with Viral Episomes,"BASHKIN, JAMES",UNIVERSITY OF MISSOURI-ST. LOUIS,MO,"$339,450"
Cervical Cancer,2013,NCI,5R01CA037667-29,,Mechanisms in Polyoma and Papillomavirus Assembly,"GARCEA, ROBERT",UNIVERSITY OF COLORADO,CO,"$313,104"
Cervical Cancer,2013,NCI,1R01CA169093-01A1,,Using comparative effectiveness analyses to optimize cervical cancer screening,"SAWAYA, GEORGE",UNIVERSITY OF CALIFORNIA SAN FRANCISCO,CA,"$588,891"
Cervical Cancer,2013,NCI,5R01CA143130-04,,Understanding and Enhancing T-Cell Responses to high Risk Human Papillomaviruses,"NAKAGAWA, MAYUMI",UNIV OF ARKANSAS FOR MED SCIS,AR,"$464,563"
Cervical Cancer,2013,NCI,5R01CA083679-13,,Mechanisms of Human Papillomavirus DNA Replication,"CHOW, LOUISE",UNIVERSITY OF ALABAMA AT BIRMINGHAM,AL,"$367,324"
Cervical Cancer,2013,NIMHD,5R01MD004598-05,,Does Violence Against Women result in disparities in cancer care for women with b,"COKER, ANN",UNIVERSITY OF KENTUCKY,KY,"$343,648"
Cervical Cancer,2013,NCI,5R01CA142983-04,,Disparities in cervical cancer precursors and deregulation of imprinted genes,"HOYO, CATHRINE",DUKE UNIVERSITY,NC,"$480,405"
Cervical Cancer,2013,NCI,5R01CA160286-02,,Examining Disparities in Cancer Screening for Persons with Disabilities,"IEZZONI, LISA",MASSACHUSETTS GENERAL HOSPITAL,MA,"$211,466"
Cervical Cancer,2013,NIAID,2R01AI072204-06A1,,"Cervical, Anal & Oral HPV Persistence/Adolescent Girls","DIAZ, ANGELA",MOUNT SINAI SCHOOL OF MEDICINE,NY,"$686,990"
Cervical Cancer,2013,NCI,5R03CA168351-02,,Estimating health utilities using QOL data among patients with gyn malignancies,"MONAHAN, PATRICK",INDIANA UNIV-PURDUE UNIV AT INDIANAPOLIS,IN,"$74,636"
Cervical Cancer,2013,NCI,5U10CA021661-37,,Radiation Therapy Oncology Group,"CURRAN, WALTER",AMERICAN COLLEGE OF RADIOLOGY,VA,"$14,566,378"
Cervical Cancer,2013,NCI,5R01CA154549-02,,Increasing HPV Vaccine Uptake in a Low Income Ethnic Minority Population,"BASTANI, ROSHAN",UNIVERSITY OF CALIFORNIA LOS ANGELES,CA,"$544,188"
Cervical Cancer,2013,NCI,5R21CA164433-02,,Nano-architecture Based Biomarkers for Cervical Cancer Screening,"LIU, YANG",UNIVERSITY OF PITTSBURGH AT PITTSBURGH,PA,"$153,447"
Cervical Cancer,2013,NCI,5R21CA167220-02,,Human Papilloma Virus Infection in Patients with Colorectal Cancer,"CRUZ-CORREA, MARCIA",UNIVERSITY OF PUERTO RICO MED SCIENCES,PR,"$153,338"
Cervical Cancer,2013,NCI,5U44CA139667-03,,Development of a FISH-Based HPV-Associated Cancer Detection Test,"HOULDSWORTH, JANE","CANCER GENETICS, INC.",NJ,"$296,877"
Cervical Cancer,2013,NCI,5R01CA085178-14,,"HPV & Cervix Neoplasia in a Large, Long Term HIV + Cohort","STRICKLER, HOWARD",ALBERT EINSTEIN COLLEGE OF MEDICINE,NY,"$464,272"
Cervical Cancer,2013,NCI,5R01CA064795-18,,Interactions of HPV Oncogenes With the p53 Pathway,"GALLOWAY, DENISE",FRED HUTCHINSON CAN RES CTR,WA,"$501,980"
Cervical Cancer,2013,NCI,5U10CA027469-33,,Gynecologic Oncology Group,"DISAIA, PHILIP",GYNECOLOGIC ONCOLOGY GROUP,MD,"$8,209,168"
Cervical Cancer,2013,NCI,5R01CA154358-04,,Molecular etiology of cervicovaginal adenosis by in utero hormone exposure,"KURITA, TAKESHI",NORTHWESTERN UNIVERSITY AT CHICAGO,IL,"$288,528"
Cervical Cancer,2013,NCI,5R01CA160744-02,,Comparative and Cost-Effectiveness of Preventing HPV-Related Diseases,"KIM, JANE",HARVARD UNIVERSITY (SCH OF PUBLIC HLTH),MA,"$289,634"
Cervical Cancer,2013,NCI,5P01CA016038-40,7649,Regulation of E2-Induced Senescence,"DIMAIO, DANIEL",YALE UNIVERSITY,CT,"$285,953"
Cervical Cancer,2013,NIAID,1R01AI104709-01,,Epidemiologic Impact of HPV Vaccination,"KAHN, JESSICA",CINCINNATI CHILDRENS HOSP MED CTR,OH,"$480,723"
Cervical Cancer,2013,NIDCR,1R01DE023347-01,,Epigenetic Biomarker Discovery in HPV related HNSCC,"CALIFANO, JOSEPH",JOHNS HOPKINS UNIVERSITY,MD,"$384,750"
Cervical Cancer,2013,NIAID,5K23AI093152-03,,"Oncogenic HPV, Mucosal Immune Response and Risk of HIV Acquisition","TOBIAN, AARON",JOHNS HOPKINS UNIVERSITY,MD,"$136,754"
Cervical Cancer,2013,NINR,5R01NR011323-04,,Kin Keeper:Reducing Disparities Through Cancer Literacy and Screening,"WILLIAMS, KAREN",MICHIGAN STATE UNIVERSITY,MI,"$364,640"
Cervical Cancer,2013,NCI,1R21CA176332-01,,Oral Biomarkers for HPV-related Head and Neck Cancer,"PAI, SARA",JOHNS HOPKINS UNIVERSITY,MD,"$211,410"
Cervical Cancer,2013,NCI,1R21CA175473-01,,Small Molecule Screen Targeting p53 proteolysis in HPV positive cancers,"HOWLEY, PETER",HARVARD UNIVERSITY (MEDICAL SCHOOL),MA,"$195,391"
Cervical Cancer,2013,NCI,5P50CA148110-04,6234,ENHANCING CERVICAL CANCER PREVENTION STRATEGIES AMONG HOPI WOMEN AND ADOLES...,"GONZALES, ANGELA",CORNELL UNIVERSITY,NY,"$256,141"
Cervical Cancer,2013,NHGRI,5P50CA148110-04,6234,ENHANCING CERVICAL CANCER PREVENTION STRATEGIES AMONG HOPI WOMEN AND ADOLES...,"GONZALES, ANGELA",CORNELL UNIVERSITY,NY,"$6,492"
Cervical Cancer,2013,NCI,7U01CA162106-02,,Etiology of cervical cancer health disparity in American Indian women,"CHAUHAN, SUBHASH",UNIVERSITY OF TENNESSEE HEALTH SCI CTR,TN,"$292,641"
Cervical Cancer,2013,NIAID,5R01AI081809-05,,Cell surface events of human papillomavirus type 16 and 18 infection,"SAPP, MARTIN",LOUISIANA STATE UNIV HSC SHREVEPORT,LA,"$337,425"
Cervical Cancer,2013,NIGMS,5R01GM103619-18,,Mechanism and Function of Protein Ubiquitination,"HUIBREGTSE, JON","UNIVERSITY OF TEXAS, AUSTIN",TX,"$287,942"
Cervical Cancer,2013,NCI,1R01CA168598-01A1,,Randomized Trial of In-Home Cervical Cancer Screening in Underscreened Women,"WINER, RACHEL",UNIVERSITY OF WASHINGTON,WA,"$658,651"
Cervical Cancer,2013,NCI,2R01CA103867-09A1,,E2-Cellular Complexes in HPV Chromatin Transcription,"CHIANG, CHENG-MING",UT SOUTHWESTERN MEDICAL CENTER,TX,"$395,910"
Cervical Cancer,2013,NCI,5P50CA105632-09,6482,INHERITED AND SOMATIC ALTERATIONS OF THE TGF-B LIGAND AND RECEPTOR COMPLEX IN C..,"WEGHORST, CHRISTOPHER",OHIO STATE UNIVERSITY,OH,"$743,084"
Cervical Cancer,2013,NCI,5P50CA105632-09,6483,SOCIAL NETWORKS AND TOBACCO USE AMONG OHIO APPALACHIAN WOMEN,"WEWERS, MARY",OHIO STATE UNIVERSITY,OH,"$110,488"
Cervical Cancer,2013,NCI,5P50CA105632-09,6484,HPV IMMUNIZATION RESPONSE AND STRESS,"RUFFIN, MACK",UNIVERSITY OF MICHIGAN,MI,"$153,430"
Cervical Cancer,2013,NCI,5P50CA105632-09,6485,STUDY TO EXAMINE PATIENT/PROVIDER SYSTEMS (STEPS),"PASKETT, ELECTRA",OHIO STATE UNIVERSITY,OH,"$139,548"
Cervical Cancer,2013,NCI,5P50CA105632-09,6486,ADMINISTRATIVE,"PASKETT, ELECTRA",OHIO STATE UNIVERSITY,OH,"$154,221"
Cervical Cancer,2013,NCI,5P50CA105632-09,6487,MEASUREMENT AND ANALYSIS,"SLATER, MICHAEL",OHIO STATE UNIVERSITY,OH,"$201,886"
Cervical Cancer,2013,NCI,5P50CA105632-09,6488,CLINICAL CORRELATES,"JEWELL, SCOTT",OHIO STATE UNIVERSITY,OH,"$133,448"
Cervical Cancer,2013,NCI,5P50CA105632-09,6489,TRAINING AND CAREER DEVELOPMENT,"PASKETT, ELECTRA",OHIO STATE UNIVERSITY,OH,"$103,643"
Cervical Cancer,2013,NCI,5R37CA051323-24,,Natural History of HPV Infection to Neoplasia,"MOSCICKI, ANNA-BARBARA",UNIVERSITY OF CALIFORNIA SAN FRANCISCO,CA,"$1,399,693"
Cervical Cancer,2013,NCI,5U01CA084955-14,,Atlantic Breast and Gynecologic Clinical Validation Center,"MARKS, JEFFREY",DUKE UNIVERSITY,NC,"$468,371"
Cervical Cancer,2013,NCI,1R01CA169508-01A1,,Improving screening tools to better predict high-grade anal dysplasia for MSM,"WILEY, DOROTHY",UNIVERSITY OF CALIFORNIA LOS ANGELES,CA,"$603,976"
Cervical Cancer,2013,NCI,1R21CA169998-01A1,,HPV Methylation as a Biomarker of Viral Persistence and Risk of Cervical Disease,"WYATT, MICHAEL",UNIVERSITY OF SOUTH CAROLINA AT COLUMBIA,SC,"$186,567"
Cervical Cancer,2013,NCI,3R01CA142691-04S1,,Mechanisms of mucosal immune evasion in high grade cervical dysplasia,"TRIMBLE, CORNELIA",JOHNS HOPKINS UNIVERSITY,MD,"$13,569"
Cervical Cancer,2013,NCI,5R01CA158286-03,,Integrative epigenomic/genomic profiling and biomarker discovery in HPV+ and HPV-,"ROZEK, LAURA",UNIVERSITY OF MICHIGAN,MI,"$436,873"
Cervical Cancer,2013,NCI,1R21CA169960-01A1,,The Feasibility of a Peer-Driven Pap Testing Intervention for Young Bronx Women,"BAUMAN, LAURIE",ALBERT EINSTEIN COLLEGE OF MEDICINE,NY,"$218,255"
Cervical Cancer,2013,NIAID,1R21AI105987-01,,Reprogramming Host Immune Responses to Cure or Control Persistent HPV Infection,"BONAGURA, VINCENT",FEINSTEIN INSTITUTE FOR MEDICAL RESEARCH,NY,"$227,475"
Cervical Cancer,2013,NCI,5R43CA162417-02,,"Sustained, target delivery for treatment of cervical pathologies","SPENCER, WENDY","3P BIOTECHNOLOGIES, INC.",KY,"$45,061"
Cervical Cancer,2013,NCI,2P01CA022443-36,6850,Molecular Genetics of Human Papillomavirus Infection and Oncogenesis,"LAMBERT, PAUL",UNIVERSITY OF WISCONSIN-MADISON,WI,"$266,171"
Cervical Cancer,2013,NHLBI,5R01HL108102-03,,Fanconi Anemia as a Model for Susceptibility to Human Papillomavirus Infection,"BUTSCHKOVACIC, MELINDA",CINCINNATI CHILDRENS HOSP MED CTR,OH,"$363,859"
Cervical Cancer,2013,NCI,5R21CA164712-02,,Cervical Cancer Screening in Homeless Women: A Discrete Choice Experiment,"WITTENBERG, EVE",HARVARD UNIVERSITY (SCH OF PUBLIC HLTH),MA,"$187,783"
Cervical Cancer,2013,NCI,5R01CA149324-04,,A Pap Test Intervention to Enhance Decision Making among Pacific Islander Women,"TANJASIRI, SORA",CALIFORNIA STATE UNIVERSITY FULLERTON,CA,"$442,981"
Cervical Cancer,2013,FIC,1D43TW009606-01,,Haiti Research Training Program in the Prevention of AIDS Cervical Cancer,"FITZGERALD, DANIEL",WEILL MEDICAL COLL OF CORNELL UNIV,NY,"$25,564"
Cervical Cancer,2013,NCI,1D43TW009606-01,,Haiti Research Training Program in the Prevention of AIDS Cervical Cancer,"FITZGERALD, DANIEL",WEILL MEDICAL COLL OF CORNELL UNIV,NY,"$250,000"
Cervical Cancer,2013,NCI,5R01CA102357-09,,Fanconi Anemia and HPV Transformation,"WELLS, SUSANNE",CINCINNATI CHILDRENS HOSP MED CTR,OH,"$275,896"
Cervical Cancer,2013,NIAMS,5K23AR059677-04,,Cervical Dysplasia and Human Papillomavirus Infection in Rheumatoid Arthritis.,"KIM, SEOYOUNG",BRIGHAM AND WOMEN'S HOSPITAL,MA,"$135,726"
Cervical Cancer,2013,NCI,5R01CA142861-04,,HPV and the DNA Damage Response,"LAIMINS, LAIMONIS",NORTHWESTERN UNIVERSITY AT CHICAGO,IL,"$288,528"
Cervical Cancer,2013,NCI,5R01CA074397-14,,HPV VLP AND ANTIGEN PRESENTING CELLS,"KAST, WIJBE",UNIVERSITY OF SOUTHERN CALIFORNIA,CA,"$297,506"
Cervical Cancer,2013,NIAID,4R01AI073889-04,,HITCH:  A Study of HPV Transmission in Young Couples,"FRANCO, EDUARDO",MCGILL UNIVERSITY,CANADA,"$89,545"
Cervical Cancer,2013,NCI,5K01CA155417-03,,An HPV Health Communication Randomized Controlled Trial Intervention,"WALLINGTON, SHERRIE",GEORGETOWN UNIVERSITY,DC,"$131,741"
Cervical Cancer,2013,NCI,5R01CA157469-03,,"Cytology vs at home HPV screening for detection of CIN 2,3,CIS","KIVIAT, NANCY",UNIVERSITY OF WASHINGTON,WA,"$576,473"
Cervical Cancer,2013,NICHD,5R01HD073972-02,,Human Papillomavirus Infection in Perinatally HIV-infected Adolescents in Asia,"SOHN, ANNETTE",FOUNDATION FOR AIDS RESEARCH,NY,"$605,087"
Cervical Cancer,2013,NCI,1R43CA174436-01A1,,Therapeutic vaccination against genital HPV infection,"CHANG, YUNG","PAPIVAX, LLC",MD,"$288,194"
Cervical Cancer,2013,NIAID,5K23AI077759-04,,Post-Vacc. HPV Genotype Distr. Among HIV+ and HIV- Young Women in S. Africa,"ADLER, DAVID",UNIVERSITY OF ROCHESTER,NY,"$125,187"
Cervical Cancer,2013,NCI,5K07CA134635-05,,A Collectivist Approach to Cervical Cancer Screening Among Latinos,"DOCUMET, PATRICIA",UNIVERSITY OF PITTSBURGH AT PITTSBURGH,PA,"$135,696"
Cervical Cancer,2013,NCI,5U54CA153719-04,7565,Community Outreach Program,"WYNN, THERESA",UNIVERSITY OF ALABAMA AT BIRMINGHAM,AL,"$233,208"
Cervical Cancer,2013,NIAID,5U19AI084081-05,6475,Genital Papillomavirus Infections in Epithelial Tissues,"OZBUN, MICHELLE",UNIVERSITY OF NEW MEXICO HEALTH SCIS CTR,NM,"$219,821"
Cervical Cancer,2013,NIAID,5U19AI084081-05,6476,Vaccines that induce broadly neutralizing antibodies against Human Papillomarviru,"CHACKERIAN, BRYCE",UNIVERSITY OF NEW MEXICO,NM,"$276,162"
Cervical Cancer,2013,NIAID,5U19AI084081-05,6477,Population Effectiveness of HPV Vaccination on Cervical Cancer Prevention in the,"WHEELER, COSETTE",UNIVERSITY OF NEW MEXICO HEALTH SCIS CTR,NM,"$755,795"
Cervical Cancer,2013,NIAID,5U19AI084081-05,6478,Web enhanced adoption of HPV vaccine in minority communities,"WOODALL, W",UNIVERSITY OF NEW MEXICO,NM,"$376,648"
Cervical Cancer,2013,NIAID,5U19AI084081-05,6480,Virion Production and Infection Assay Core,"OZBUN, MICHELLE",UNIVERSITY OF NEW MEXICO HEALTH SCIS CTR,NM,"$114,796"
Cervical Cancer,2013,NIAID,5U19AI084081-05,6481,Biostatistics and Bioinformatics Core,"STIDLEY, CHRISTINE",UNIVERSITY OF NEW MEXICO HEALTH SCIS CTR,NM,"$543,150"
Cervical Cancer,2013,NCI,5U54CA153710-04,7746,Research Project,"FORD, JEAN",JOHNS HOPKINS UNIVERSITY,MD,"$326,608"
Cervical Cancer,2013,NIGMS,5R21GM104528-02,,INTEGRATED FERROFLUIDIC MICROCHIP FOR CELL MANIPULATION AND ENRICHMENT,"MAO, LEIDONG",UNIVERSITY OF GEORGIA,GA,"$203,587"
Cervical Cancer,2013,NIMHD,5P60MD000502-11,5565,HPV Vaccination among Daughters of Latina Immigrants,"SCARINCI, ISABEL",UNIVERSITY OF ALABAMA AT BIRMINGHAM,AL,"$125,077"
Cervical Cancer,2013,NCI,2U10CA128506-04A1,,Minority-Based CCOP at UMDNJ-NJ Medical School/University Hospital Cancer Center,"WIEDER, ROBERT",RBHS-NEW JERSEY MEDICAL SCHOOL,NJ,"$553,640"
Cervical Cancer,2013,NCI,5P50DE019032-12,7167,Project 5,"D'SOUZA, GYPSYAMBER",JOHNS HOPKINS UNIVERSITY,MD,$138
Cervical Cancer,2013,NIDCR,5P50DE019032-12,7167,Project 5,"D'SOUZA, GYPSYAMBER",JOHNS HOPKINS UNIVERSITY,MD,"$395,260"
Cervical Cancer,2013,NINR,7R21NR013247-02,,Mother-Daughter Joint Decision Making to Obtain the HPV Vaccine,"LECHUGA, JULIA",UNIVERSITY OF TEXAS EL PASO,TX,"$181,257"
Cervical Cancer,2013,RMAP,5R01CA144052-05,,"Transforming Cancer Knowledge, Attitudes and Behavior through Narrative","MURPHY, SHEILA",UNIVERSITY OF SOUTHERN CALIFORNIA,CA,"$530,823"
Cervical Cancer,2013,NCI,5U54CA153708-04,7778,Research Project,"PATEL, KUSHAL",MEHARRY MEDICAL COLLEGE,TN,"$222,047"
Cervical Cancer,2013,NCI,5U54CA153708-04,7781,Community Outreach Program,"HARGREAVES, MARGARET",MEHARRY MEDICAL COLLEGE,TN,"$149,579"
Cervical Cancer,2013,NCI,5R21CA157263-02,,Feasibility Of Community Based Tampon Self-Sampling To Prevent Cervical Cancer,"WILLIAMS, DONNA",LSU HEALTH SCIENCES CENTER,LA,"$91,445"
Cervical Cancer,2013,NCI,5R01CA148966-04,,Expanded Phase II Trial of Carraguard for Prevention of HPV Infection,"EINSTEIN, MARK",ALBERT EINSTEIN COLLEGE OF MEDICINE,NY,"$735,147"
Cervical Cancer,2013,NCI,5U54CA163069-03,8613,Increasing HPV Vaccine Utilization Among African-Amerian Girls Through Social...,"SANDERSON, MAUREEN",MEHARRY MEDICAL COLLEGE,TN,"$41,717"
Cervical Cancer,2013,NCI,5U54CA163069-03,8844,Development: Cancer Outreach Core,"SANDERSON, MAUREEN",MEHARRY MEDICAL COLLEGE,TN,"$42,165"
Cervical Cancer,2013,NCI,5R01CA114425-07,,Enhancing HPV-16 E6/E7 Specific Antitumor Immunity,"WU, TZYY-CHOOU",JOHNS HOPKINS UNIVERSITY,MD,"$285,169"
Cervical Cancer,2013,NCI,5U54CA153502-04,7872,Research Project,"CORONADO, GLORIA",FRED HUTCHINSON CAN RES CTR,WA,"$487,815"
Cervical Cancer,2013,NCI,5U54CA153502-04,7875,Community Outreach Program,"THOMPSON, BETI",FRED HUTCHINSON CAN RES CTR,WA,"$109,803"
Cervical Cancer,2013,NCI,5P50CA098252-10,7978,L1 capsomeres as a next generation preventive HPV vaccine,"GARCEA, ROBERT",JOHNS HOPKINS UNIVERSITY,MD,"$303,911"
Cervical Cancer,2013,NCI,5P50CA098252-10,7979,Development of a Pan-Oncogenic HPV Preventive Vaccine,"RODEN, RICHARD",JOHNS HOPKINS UNIVERSITY,MD,"$247,234"
Cervical Cancer,2013,NCI,5P50CA098252-10,7980,"A phase I trial to assess the immunogenicity, safety, tolerability and efficacy o","TRIMBLE, CORNELIA",JOHNS HOPKINS UNIVERSITY,MD,"$193,870"
Cervical Cancer,2013,NCI,5P50CA098252-10,7981,"A phase I trial to assess the safety and immunogenicity of repeated, cluster part","ALVAREZ, RONALD",JOHNS HOPKINS UNIVERSITY,MD,"$288,750"
Cervical Cancer,2013,NCI,5P50CA098252-10,7982,Administrative Core,"WU, TZYY-CHOOU",JOHNS HOPKINS UNIVERSITY,MD,"$262,466"
Cervical Cancer,2013,NCI,5P50CA098252-10,7983,Biostatistics/Data Management Core,"WANG, MEI CHENG",JOHNS HOPKINS UNIVERSITY,MD,"$238,630"
Cervical Cancer,2013,NCI,5P50CA098252-10,7984,Tissue/Pathology Core,"RONNETT, BRIGITTE",JOHNS HOPKINS UNIVERSITY,MD,"$227,591"
Cervical Cancer,2013,NCI,5P50CA098252-10,7985,Immunology Core,"VISCIDI, RAPHAEL",JOHNS HOPKINS UNIVERSITY,MD,"$203,621"
Cervical Cancer,2013,NCI,5P50CA098252-10,7986,Developmental Research Program,"PARDOLL, DREW",JOHNS HOPKINS UNIVERSITY,MD,"$90,831"
Cervical Cancer,2013,NCI,5P50CA098252-10,7987,Career Development Program,"WU, TZYY-CHOOU",JOHNS HOPKINS UNIVERSITY,MD,"$93,596"
Cervical Cancer,2013,NCI,5R01CA136931-05,,INTRA-TUMORAL METABOLIC HETEROGENEITY OF CERVICAL CANCER,"GRIGSBY, PERRY",WASHINGTON UNIVERSITY,MO,"$287,582"
Cervical Cancer,2013,NCI,5U01CA163304-03,,PROSPR Statistical Coordinating Center (PSCC),"BARLOW, WILLIAM",FRED HUTCHINSON CAN RES CTR,WA,"$991,008"
Cervical Cancer,2013,NCI,5U54CA153603-04,7849,Community Outreach Program,"RAYMOND, NANCY",UNIVERSITY OF MINNESOTA,MN,"$162,840"
Cervical Cancer,2013,NCI,5U54CA163066-03,8675,PILOT PROJECT #2,"HULL, PAMELA",TENNESSEE STATE UNIVERSITY,TN,"$76,925"
Cervical Cancer,2013,NCI,5U54CA153505-04,7460,Community Outreach Program,"FERNANDEZ, MARIA",UNIVERSITY OF TEXAS HLTH SCI CTR HOUSTON,TX,"$194,589"
Cervical Cancer,2013,NCI,5R01CA116316-07,,Role and Regulaton of the Human DEK Proto-Oncogene,"WELLS, SUSANNE",CINCINNATI CHILDRENS HOSP MED CTR,OH,"$250,705"
Cervical Cancer,2013,NCI,5U54CA143924-05,5060,Community Outreach Program,"BRIEHL, MARGARET",UNIVERSITY OF ARIZONA,AZ,"$208,586"
Cervical Cancer,2013,NCI,5K01CA157690-02,,Exploring Sociodemographic and Behavioral Factors Underlying Racial/Ethnic Dispar,"SILVERA, STEPHANIE",MONTCLAIR STATE UNIVERSITY,NJ,"$139,734"
Cervical Cancer,2013,NCI,5R01CA116720-07,,Papillomavirus E2 Functions: Cellular Regulation and Effectors,"HOWLEY, PETER",HARVARD UNIVERSITY (MEDICAL SCHOOL),MA,"$297,549"
Cervical Cancer,2013,NCI,5R21CA164396-02,,Cervical Cancer Preventive Measures Based on HPV 16 Epigenome,"PIYATHILAKE, CHANDRIKA",UNIVERSITY OF ALABAMA AT BIRMINGHAM,AL,"$149,760"
Cervical Cancer,2013,NCI,5P30CA118100-09,6320,Womens Cancers Research Program,"PROSSNITZ, ERIC",UNIVERSITY OF NEW MEXICO,NM,"$37,956"
Cervical Cancer,2013,NCI,5U54CA153705-04,7674,Research Project,"CARRASQUILLO, OLVEEN",UNIVERSITY OF MIAMI SCHOOL OF MEDICINE,FL,"$294,842"
Cervical Cancer,2013,NCI,5U54CA153705-04,7677,Community Outreach Program,"KOBETZ, ERIN",UNIVERSITY OF MIAMI SCHOOL OF MEDICINE,FL,"$118,183"
Cervical Cancer,2013,NCI,5U54CA153705-04,7678,Administrative Core,"CARRASQUILLO, OLVEEN",UNIVERSITY OF MIAMI SCHOOL OF MEDICINE,FL,"$48,323"
Cervical Cancer,2013,NCI,5R37CA074202-17,,Life Cycle of Human Papillomaviruses,"LAIMINS, LAIMONIS",NORTHWESTERN UNIVERSITY AT CHICAGO,IL,"$278,543"
Cervical Cancer,2013,NCI,5U01CA141583-05,,Novel Interventions Against HPV-associated Neoplasia,"LAMBERT, PAUL",UNIVERSITY OF WISCONSIN-MADISON,WI,"$699,960"
Cervical Cancer,2013,NCI,1R01CA174634-01A1,,Molecular Methods to Improve Cervical Cancer Screening in HIV+ Women,"STRICKLER, HOWARD",ALBERT EINSTEIN COLLEGE OF MEDICINE,NY,"$728,869"
Cervical Cancer,2013,NCI,4R01CA074801-15,,Early Detection of Common Cancers in Women in India,"SHASTRI, SURENDRA",TATA MEMORIAL HOSPITAL,INDIA,"$183,930"
Cervical Cancer,2013,NCI,5R44CA141876-03,,3D Tracking for OCT Image Fusion in Gynecological Diagnosis,"MCNICHOLS, ROGER","BIOTEX, INC.",TX,"$436,789"
Cervical Cancer,2013,OD,5R21CA163159-02,,Salud es Vida: Reducing Access Barriers to Cervical Cancer Screening Among Unders,"LUQUE, JOHN",GEORGIA SOUTHERN UNIVERSITY,GA,"$107,132"
Cervical Cancer,2013,NCI,5R43CA165442-02,,Development of an HPV-E6 Cervical Neoplasia Test for Use in Centralized Diagnosti,"BELMARES, MICHAEL",ARBOR VITA CORPORATION,CA,"$94,891"
Cervical Cancer,2013,NCI,5P01CA082710-12,5131,Biological Plausibility,"GUILLAUD, MARTIAL",TEXAS TECH UNIV HLTH SCI CTR,,"$274,434"
Cervical Cancer,2013,NCI,5P01CA082710-12,5132,Technical Efficacy,"MACAULAY, CALUM",TEXAS TECH UNIV HLTH SCI CTR,,"$190,263"
Cervical Cancer,2013,NCI,5P01CA082710-12,5133,Clinical Effectiveness,"FOLLEN, MICHELE",TEXAS TECH UNIV HLTH SCI CTR,,"$199,512"
Cervical Cancer,2013,NCI,5P01CA082710-12,5134,Patient Outcomes,"BASEN-ENGQUIST, KAREN",TEXAS TECH UNIV HLTH SCI CTR,,"$337,590"
Cervical Cancer,2013,NCI,5P01CA082710-12,5138,Societal Outcomes,"CANTOR, SCOTT",TEXAS TECH UNIV HLTH SCI CTR,,"$299,288"
Cervical Cancer,2013,NCI,5P01CA082710-12,5144,Administration and Protocol Management,"FOLLEN, MICHELE",TEXAS TECH UNIV HLTH SCI CTR,,"$88,410"
Cervical Cancer,2013,NCI,5P01CA082710-12,5145,Biostatistics and Data Management,"ATKINSON, E",TEXAS TECH UNIV HLTH SCI CTR,,"$522,949"
Cervical Cancer,2013,NCI,5P01CA082710-12,5147,Pathology and HPV Biomarkers Core,"GUILLAUD, MARTIAL",TEXAS TECH UNIV HLTH SCI CTR,,"$298,890"
Cervical Cancer,2013,NCI,5R03CA165147-02,,HPV Knowledge Awareness and Vaccine Acceptability among Inner City Black Males,"WALLINGTON, SHERRIE",GEORGETOWN UNIVERSITY,DC,"$72,850"
Cervical Cancer,2013,NCI,5R44CA139841-03,,A NOVEL MICROFLUIDIC DEVICE FOR SELECTION AND OPTIMIZATION OF DRUG DELIVERY VEHIC,"PRABHAKARPANDIAN, BALABHASKAR",CFD RESEARCH CORPORATION,AL,"$619,304"
Cervical Cancer,2013,NCI,1R03CA177597-01,,Reasons for the Gap between Parental Intentions and Initiation of HPV Vaccination,"AUSLANDER, BETH",UNIVERSITY OF TEXAS MEDICAL BR GALVESTON,TX,"$77,250"
Cervical Cancer,2013,NCI,1P50CA168536-01A1,5621,Prospective Study of the Associations between Cutaneous Papillomavirus and Polyo,"ROLLISON, DANA",H. LEE MOFFITT CANCER CTR & RES INST,FL,"$297,619"
Cervical Cancer,2013,NCI,1R01CA178980-01,,Disparities in Cancer Screening: The Role of Medicaid Policy,"SABIK, LINDSAY",VIRGINIA COMMONWEALTH UNIVERSITY,VA,"$216,438"
Cervical Cancer,2013,OD,1R01CA178980-01,,Disparities in Cancer Screening: The Role of Medicaid Policy,"SABIK, LINDSAY",VIRGINIA COMMONWEALTH UNIVERSITY,VA,"$100,000"
Cervical Cancer,2013,NCI,5U54CA164336-03,5329,Patient- and Practice-Centered Assessment of Self-Collection,"SUSSMAN, ANDREW",UNIV OF NEW MEXICO HEALTH SCIS CTR,,"$220,844"
Cervical Cancer,2013,NCI,5U54CA164336-03,5330,"Deficiencies, Opportunities and Geography of Cervical Cancer Screening","WHEELER, COSETTE",UNIV OF NEW MEXICO HEALTH SCIS CTR,,"$215,517"
Cervical Cancer,2013,NCI,5U54CA164336-03,5331,"Comparative Effectiveness of the Cervical Cancer Screening Process: Past, Present","WHEELER, COSETTE",UNIV OF NEW MEXICO HEALTH SCIS CTR,,"$278,951"
Cervical Cancer,2013,NCI,1R21CA180524-01,,NON-CANONICAL FUNCTIONS OF HTERT IN CELL IMMORTALIZATION BY HPV,"LIU, XUEFENG",GEORGETOWN UNIVERSITY,DC,"$169,106"
Cervical Cancer,2013,NHGRI,1U54HG006947-01A1,,African Collaborative Center for Microbiome and Genomics Research (ACCME),"ADEBAMOWO, CLEMENT",INSTITUTE OF HUMAN VIROLOGY,NIGERI,"$797,718"
Cervical Cancer,2013,OD,1U54HG006947-01A1,,African Collaborative Center for Microbiome and Genomics Research (ACCME),"ADEBAMOWO, CLEMENT",INSTITUTE OF HUMAN VIROLOGY,NIGERI,"$150,000"
Cervical Cancer,2013,RMAP,1U54HG006947-01A1,,African Collaborative Center for Microbiome and Genomics Research (ACCME),"ADEBAMOWO, CLEMENT",INSTITUTE OF HUMAN VIROLOGY,NIGERI,"$215,180"
Cervical Cancer,2013,NIAID,1R01AI102876-01A1,,Role of Retromer-mediated Retrograde Transport in HPV Entry,"DIMAIO, DANIEL",YALE UNIVERSITY,CT,"$391,079"
Cervical Cancer,2013,NIMHD,7P20MD001770-09,6733,Coordinating Center of Excellence in Social Promotion of Health Equity Research,"GLOVER, SAUNDRA",UNIVERSITY OF SOUTH CAROLINA AT COLUMBIA,SC,"$100,752"
Cervical Cancer,2013,NIMHD,7P20MD001770-09,6734,Coordinating Center of Excellence in Social Promotion of Health Equity Research,"GLOVER, SAUNDRA",UNIVERSITY OF SOUTH CAROLINA AT COLUMBIA,SC,"$100,752"
Cervical Cancer,2013,NIMHD,7P20MD001770-09,6736,HPV Type Distribution and Biomarkers of Cervical Neoplasia Progression in Africa,"CREEK, KIM",UNIVERSITY OF SOUTH CAROLINA AT COLUMBIA,SC,"$100,750"
Cervical Cancer,2013,NIMHD,7P20MD001770-09,6737,Role of  HPV in Head and Neck Cancer in African Am & European Am Patients,"GLOVER, SAUNDRA",UNIVERSITY OF SOUTH CAROLINA AT COLUMBIA,SC,"$100,747"
Cervical Cancer,2013,NCI,2P30CA013330-40,6910,Experimental Therapeutics,"GOLDMAN, ISRAEL",ALBERT EINSTEIN COLLEGE OF MEDICINE,NY,"$247,662"
Cervical Cancer,2013,NCI,2P30CA013330-40,6911,Cancer Epidemiology,"GOLDMAN, ISRAEL",ALBERT EINSTEIN COLLEGE OF MEDICINE,NY,"$270,106"
Cervical Cancer,2013,NCI,1R21CA173621-01A1,,The Demand for Cancer Screening:  Peer Effects or Learning,"OKEKE, EDWARD",RAND CORPORATION,CA,"$253,280"
Cervical Cancer,2013,NCI,1R03CA176743-01A1,,Cutaneous Human Papillomavirus Infection and Risk of Incident External Genital Le,"GIULIANO, ANNA",H. LEE MOFFITT CANCER CTR & RES INST,FL,"$84,250"
Cervical Cancer,2013,NCI,1U01CA179724-01,,Mechanistic Investigations of Ethnic Differences in HPV Variants,"MEYERS, CRAIG",PENNSYLVANIA STATE UNIVERSITY,PA,"$297,687"
Cervical Cancer,2013,RMAP,3R21NS073059-01S1,,HTS Screening for Inhibitors of HPV 16 E6/Caspase 8 Binding,"DUERKSEN-HUGHES, PENELOPE",LOMA LINDA UNIVERSITY,CA,"$39,500"
Cervical Cancer,2013,NCI,3R01CA132136-05S1,,Entry of Oncogenic HPVs into Human Keratinocytes,"OZBUN, MICHELLE",UNIVERSITY OF NEW MEXICO,NM,"$47,390"
Cervical Cancer,2013,NINR,5F31NR013633-02,,A Test of an Intervention to Improve Pap Testing Among Women with HIV,"MURPHY, JEANNE",JOHNS HOPKINS UNIVERSITY,MD,"$42,232"
Cervical Cancer,2013,NCI,1F31CA180516-01,,Perturbation of a cellular microRNA by human papillomavirus type 16.,"HARDEN, MALLORY",HARVARD UNIVERSITY (MEDICAL SCHOOL),MA,"$34,099"
Cervical Cancer,2013,NCI,1F31CA180749-01,,Regulation of Human Papillomavirus Replication via Cell Signaling Pathways,"GRIEGO, ANASTACIA",UNIVERSITY OF NEW MEXICO HEALTH SCIS CTR,NM,"$33,441"
Cervical Cancer,2013,NIAMS,3K23AR059677-03S1,,Cervical Dysplasia and Human Papillomavirus Infection in Rheumatoid Arthritis.,"KIM, SEOYOUNG",BRIGHAM AND WOMEN'S HOSPITAL,MA,$890
Cervical Cancer,2013,NCI,3R01CA142723-04S1,,Mechanism of Brd4-mediated papillomavirus host interactions,"YOU, JIANXIN",UNIVERSITY OF PENNSYLVANIA,PA,"$57,771"
Cervical Cancer,2013,NCI,1R01CA171873-01A1,,Molecular and Theraputic Studies on HPV-associated Anal Cancer,"LAMBERT, PAUL",UNIVERSITY OF WISCONSIN-MADISON,WI,"$305,581"
Cervical Cancer,2013,NCI,4R00CA160639-03,,Head and Neck squamous cell carcinoma radiation response modulation by HPV,"KIMPLE, RANDALL",UNIVERSITY OF WISCONSIN-MADISON,WI,"$234,060"
Cervical Cancer,2013,NCI,1K01CA181437-01,,A Text Message Intervention to Increase HPV Vaccine Completion in Young Latinas,"RONCANCIO, ANGELICA",UNIVERSITY OF TEXAS HLTH SCI CTR HOUSTON,TX,"$139,462"
Cervical Cancer,2013,NIDCR,1R21DE023941-01,,Developing a HPV-mediated DNA methylation panel in HNSCC,"SCHLECHT, NICOLAS",ALBERT EINSTEIN COLLEGE OF MEDICINE,NY,"$250,500"
Cervical Cancer,2013,NINDS,1R01NS082343-01A1,,Detection of Human Papilloma Virus in Cortical Dysplasia,"CRINO, PETER",TEMPLE UNIV OF THE COMMONWEALTH,PA,"$331,844"
Cervical Cancer,2013,NCI,9R44CA182927-05,,Commercialization of the OncoE6TM Cervical Test for detection of HPV induced mali,"SCHWEIZER, JOHANNES",ARBOR VITA CORPORATION,CA,"$961,000"
Cervical Cancer,2013,NCI,2U54CA096300-11,6964,Outreach Core,"PATTATUCCI, ANGELA",UNIVERSITY OF PUERTO RICO,PR,"$187,877"
Cervical Cancer,2013,NCI,261200800001E-52-0-36,,Repository Services for epidemiology studies,"HEIMBROOK, DAVID","SAIC-FREDERICK, INC.",MD,"$1,692,154"
Cervical Cancer,2013,NCI,261201200006C-2-0-1,,HUMAN PAPILLOMAVIRUS (HPV) TYPE 16 VACCINE TRIAL IN COSTA RICA,"RODRIGUEZ, ANA CECILIA",FUNDACION INCIENSA,COSTA,"$2,280,313"
Cervical Cancer,2013,NINR,3R01NR011323-04S1,,Kin Keeper:Reducing Disparities Through Cancer Literacy and Screening,"WILLIAMS, KAREN",MICHIGAN STATE UNIVERSITY,MI,"$12,277"
Cervical Cancer,2013,NCI,3R15CA133842-01A1S1,,Regulation of RNA Polymerase III Transcription by EGCG,"SCHRAMM, LAURA",ST. JOHN'S UNIVERSITY,NY,"$49,219"
Cervical Cancer,2013,NIAID,3R01AI072204-06A1S1,,"Cervical, Anal & Oral HPV Persistence/Adolescent Girls","DIAZ, ANGELA",MOUNT SINAI SCHOOL OF MEDICINE,NY,"$39,971"
Cervical Cancer,2013,FIC,3D43CA153784-03S1,,Zambian Cervical Cancer Research Capacity Initiative,"PARHAM, GROESBECK",UNIV OF NORTH CAROLINA CHAPEL HILL,NC,"$16,667"
Cervical Cancer,2013,NCI,3D43CA153784-03S1,,Zambian Cervical Cancer Research Capacity Initiative,"PARHAM, GROESBECK",UNIV OF NORTH CAROLINA CHAPEL HILL,NC,"$233,333"
Cervical Cancer,2013,FIC,3D43CA153793-03S1,,Developing Rwandan Research Capacity in Cervical Cancer and other AIDS Malignanci,"ANASTOS, KATHRYN",ALBERT EINSTEIN COLLEGE OF MEDICINE,NY,"$16,667"
Cervical Cancer,2013,NCI,3D43CA153793-03S1,,Developing Rwandan Research Capacity in Cervical Cancer and other AIDS Malignanci,"ANASTOS, KATHRYN",ALBERT EINSTEIN COLLEGE OF MEDICINE,NY,"$233,329"
Cervical Cancer,2013,NCI,3R21CA167220-02S1,,Human Papilloma Virus Infection in Patients with Colorectal Cancer,"CRUZ-CORREA, MARCIA",UNIVERSITY OF PUERTO RICO MED SCIENCES,PR,"$54,828"
Cervical Cancer,2013,NCI,7R01CA155454-03,,"Tumor heterogeneity and early outcome prediction: efficacy, timing of MRI and PET","MAYR, NINA",UNIVERSITY OF WASHINGTON,WA,"$517,986"
Cervical Cancer,2013,NCI,3R21CA163159-02S1,,Salud es Vida: Reducing Access Barriers to Cervical Cancer Screening Among Unders,"LUQUE, JOHN",GEORGIA SOUTHERN UNIVERSITY,GA,"$48,490"
Cervical Cancer,2013,NCI,3R01CA149324-04S1,,A Pap Test Intervention to Enhance Decision Making among Pacific Islander Women,"TANJASIRI, SORA",CALIFORNIA STATE UNIVERSITY FULLERTON,CA,"$62,142"
Cervical Cancer,2013,NCI,3R01CA149324-04S2,,A Pap Test Intervention to Enhance Decision Making among Pacific Islander Women,"TANJASIRI, SORA",CALIFORNIA STATE UNIVERSITY FULLERTON,CA,"$41,381"
Cervical Cancer,2013,NIAID,3R21AI105987-01S1,,Reprogramming Host Immune Responses to Cure or Control Persistent HPV Infection,"BONAGURA, VINCENT",FEINSTEIN INSTITUTE FOR MEDICAL RESEARCH,NY,"$83,408"
Cervical Cancer,2013,NCI,3R21CA167418-02S1,,Feasibility of Virtual Agent Cervical Cancer Education for Hispanic Farmworkers,"WELLS, KRISTEN",SAN DIEGO STATE UNIVERSITY,CA,"$18,036"
Cervical Cancer,2013,NCI,3P30CA118100-09S2,6320,Womens Cancers Research Program,"PROSSNITZ, ERIC",UNIVERSITY OF NEW MEXICO,NM,"$6,251"
Cervical Cancer,2013,NCI,3U54CA153705-04W1,7678,Administrative Core,"CARRASQUILLO, OLVEEN",UNIVERSITY OF MIAMI SCHOOL OF MEDICINE,FL,"$65,000"
Cervical Cancer,2013,NCI,3U54CA153502-04S1,7872,Research Project,"CORONADO, GLORIA",FRED HUTCHINSON CAN RES CTR,WA,"$16,674"
Cervical Cancer,2013,NCI,3U54CA153502-04S2,7872,Research Project,"CORONADO, GLORIA",FRED HUTCHINSON CAN RES CTR,WA,"$169,099"
Cervical Cancer,2013,NCI,3U54CA153502-04S3,7872,Research Project,"CORONADO, GLORIA",FRED HUTCHINSON CAN RES CTR,WA,"$65,000"
Cervical Cancer,2013,NCI,3U54CA132383-05S7,0001,Future Year Pilots,"O'CONNELL, MARY",NEW MEXICO STATE UNIVERSITY LAS CRUCES,NM,"$61,169"
Cervical Cancer,2013,NCI,3P50CA098252-10W1,7978,L1 capsomeres as a next generation preventive HPV vaccine,"GARCEA, ROBERT",JOHNS HOPKINS UNIVERSITY,MD,"$111,720"
Cervical Cancer,2013,NICHD,1ZIAHD008900-04,,Safety and Immunogenicity of Gardasil post stem cell transplantation,"STRATTON, PAMELA",NIH,,"$214,058"
Cervical Cancer,2013,NIAID,1ZIAAI000713-20,,Characterization Of The Papillomavirus Regulatory Proteins,"MCBRIDE, ALISON",NIH,,"$422,693"
Cervical Cancer,2013,NIAID,1ZIAAI000868-05,,Danger 1:  initiating and stopping immune responses,"MATZINGER, POLLY",NIH,,"$232,239"
Cervical Cancer,2013,NIAID,1ZIAAI001073-06,,HPV Elements Required for Alpha HPV Genome Replication and Partitioning,"MCBRIDE, ALISON",NIH,,"$422,693"
Cervical Cancer,2013,NCI,2U54CA096297-11,6272,Outreach Core,"COLON, VIVIAN",UNIVERSITY OF PUERTO RICO MED SCIENCES,PR,"$286,379"
Cervical Cancer,2013,NCI,3U54CA096297-11S1,6310,Outreach Core,"COLON, VIVIAN",UNIVERSITY OF PUERTO RICO MED SCIENCES,PR,"$43,879"
Cervical Cancer,2013,NCI,1ZIABC009052-24,,Papillomavirus Virion Proteins and Vaccines,"SCHILLER, JOHN",NIH,,"$1,919,421"
Cervical Cancer,2013,NCI,1ZIABC010579-10,,Papillomavirus Virion Proteins and Vaccines,"LOWY, DOUGLAS",NIH,,"$766,594"
Cervical Cancer,2013,NCI,1ZIABC010834-07,,"Identifying Diagnostic Markers for Cervical, Breast, and Prostate Cancer","RIED, THOMAS",NIH,,"$571,414"
Cervical Cancer,2013,NCI,1ZIABC011478-01,,Tumor infiltrating lymphocyte therapy for human papillomavirus-positive cancers,"HINRICHS, CHRISTIAN",NIH,,"$227,059"
Cervical Cancer,2013,NCI,1ZIABC011479-01,,T-cell receptor gene therapy for human papillomavirus-positive cancers,"HINRICHS, CHRISTIAN",NIH,,"$227,059"
Cervical Cancer,2013,NCI,1ZIACP010124-18,,Cervical cancer and human papillomavirus (HPV) infection,"WENTZENSEN, NICOLAS",NIH,,"$599,022"
Cervical Cancer,2013,NCI,1ZIACP010131-18,,Studies of Populations Exposed to Therapeutic Medical Radiation and Other Agents,"BERRINGTON, AMY",NIH,,"$2,853,387"
Cervical Cancer,2013,NCI,1ZIACP010183-11,,Descriptive Studies and Record Linkage,"ANDERSON, WILLIAM",NIH,,"$167,685"
Cervical Cancer,2013,NCI,1ZIACP010188-09,,Risk prediction methods,"GAIL, MITCHELL",NIH,,"$648,755"
Cervical Cancer,2013,NCI,1ZIACP010206-04,,"Human Papillomavirus (HPV) Natural History, Genomics and Risk Assessment","SCHIFFMAN, MARK",NIH,,"$1,076,966"
Cervical Cancer,2013,NCI,1ZIACP010209-04,,HPV and cancer at multiple anatomic sites,"KREIMER, AIMEE",NIH,,"$568,151"
Cervical Cancer,2013,NCI,1ZIACP010210-04,,"HPV, cervical neoplasia, and vaccination","HILDESHEIM, ALLAN",NIH,,"$155,528"
Cervical Cancer,2013,NCI,1ZIACP010217-03,,HPV Vaccine Trial,"HILDESHEIM, ALLAN",NIH,,"$1,777,637"
Cervical Cancer,2013,NCI,1ZIASC010357-14,,Gene Expression and Post-Transcriptional Regulation of DNA Tumor Viruses,"ZHENG, ZHI-MING",NIH,,"$1,047,882"
Cervical Cancer,2013,NCI,261200800001E-52-0-122,,DCP ESP - Support for the ASCUS/LSIL Triage Study for Cervical Cancer (ALTS),"HEIMBROOK, DAVID","SAIC-FREDERICK, INC.",MD,"$25,000"
